purpose,grade,loan_status_clean,loan_count,avg_return_vs_purpose_avg
credit_card,C,Fully Paid,33008,13.22
major_purchase,C,Fully Paid,2810,12.48
debt_consolidation,F,Fully Paid,6207,29.3
credit_card,A,Fully Paid,44375,1.92
medical,B,Fully Paid,1229,6.41
home_improvement,E,Charged Off,1111,-47.19
moving,E,Charged Off,231,-46.31
car,F,Charged Off,55,-57.18
house,A,Charged Off,8,-40.39
debt_consolidation,D,Charged Off,21484,-45.69
home_improvement,C,Fully Paid,9317,11.8
other,C,Fully Paid,8701,9.48
other,B,Charged Off,589,-46.19
debt_consolidation,G,Charged Off,1276,-47.56
car,E,Fully Paid,210,17.66
medical,D,Charged Off,402,-49.1
medical,F,Charged Off,109,-44.82
major_purchase,G,Charged Off,39,-51.69
house,B,Charged Off,32,-45.91
vacation,B,Charged Off,86,-47.53
major_purchase,E,Fully Paid,550,21.73
medical,C,Charged Off,408,-46.24
car,D,Charged Off,181,-45.32
house,G,Charged Off,57,-50.46
small_business,A,Fully Paid,111,3.12
house,F,Charged Off,94,-46.6
car,G,Fully Paid,10,30.59
car,B,Fully Paid,1672,5.79
home_improvement,D,Charged Off,1571,-45.89
debt_consolidation,E,Charged Off,14319,-47.07
moving,C,Fully Paid,1075,10.09
house,E,Charged Off,151,-44.53
house,D,Charged Off,145,-49.03
vacation,G,Fully Paid,10,39.94
car,C,Charged Off,288,-46.17
medical,G,Fully Paid,40,31.59
vacation,F,Charged Off,33,-55.79
other,D,Charged Off,1987,-45.77
small_business,G,Fully Paid,158,33.05
major_purchase,B,Charged Off,408,-46.26
credit_card,F,Fully Paid,810,30.66
renewable_energy,E,Charged Off,17,-45.52
medical,A,Charged Off,16,-54.78
debt_consolidation,C,Fully Paid,101629,13.05
other,E,Fully Paid,3088,19.65
car,A,Fully Paid,1298,1.02
small_business,D,Fully Paid,1392,17.49
home_improvement,B,Fully Paid,10466,6.34
small_business,C,Charged Off,306,-44.25
home_improvement,A,Fully Paid,7655,1.1
renewable_energy,B,Fully Paid,32,6.05
vacation,D,Fully Paid,826,13.48
renewable_energy,C,Fully Paid,90,9.1
small_business,B,Charged Off,74,-43.01
major_purchase,A,Charged Off,129,-43.25
moving,G,Charged Off,27,-49.29
vacation,A,Charged Off,9,-42.57
debt_consolidation,C,Charged Off,26983,-44.6
small_business,C,Fully Paid,1323,12.74
small_business,D,Charged Off,521,-44.26
other,E,Charged Off,1379,-45.84
home_improvement,B,Charged Off,1383,-46.04
major_purchase,A,Fully Paid,2397,2.29
small_business,B,Fully Paid,491,8.03
home_improvement,A,Charged Off,373,-44.85
vacation,D,Charged Off,212,-48.62
moving,G,Fully Paid,35,36.82
renewable_energy,C,Charged Off,19,-48.75
vacation,A,Fully Paid,198,-0.3
car,A,Charged Off,53,-39.45
renewable_energy,B,Charged Off,2,-17.82
renewable_energy,A,Fully Paid,9,-0.08
debt_consolidation,E,Fully Paid,22291,23.37
car,C,Fully Paid,1305,11.08
home_improvement,D,Fully Paid,4676,16.9
house,D,Fully Paid,482,14.17
house,E,Fully Paid,357,18.02
vacation,F,Fully Paid,85,25.97
car,B,Charged Off,172,-44.19
medical,G,Charged Off,34,-51.25
moving,C,Charged Off,211,-48.33
vacation,G,Charged Off,10,-51.36
major_purchase,B,Fully Paid,3092,7.53
other,D,Fully Paid,6612,14.66
credit_card,F,Charged Off,618,-48.57
small_business,G,Charged Off,144,-48.58
renewable_energy,E,Fully Paid,53,17.79
medical,A,Fully Paid,415,1.54
credit_card,B,Fully Paid,54416,7.17
debt_consolidation,B,Fully Paid,107414,7.59
other,F,Fully Paid,1188,27.95
small_business,F,Charged Off,272,-46.65
debt_consolidation,A,Charged Off,3497,-42.77
home_improvement,F,Fully Paid,682,26.43
small_business,E,Charged Off,492,-48.48
other,A,Fully Paid,1762,0.32
medical,E,Fully Paid,566,20.27
moving,D,Charged Off,319,-48.69
major_purchase,F,Fully Paid,189,27.1
credit_card,G,Fully Paid,122,31.5
renewable_energy,G,Fully Paid,3,38.36
moving,B,Charged Off,50,-48.19
debt_consolidation,D,Fully Paid,50879,18.1
debt_consolidation,G,Fully Paid,1255,30.38
other,B,Fully Paid,5385,5.01
medical,D,Fully Paid,1216,15.38
other,C,Charged Off,1756,-45.71
home_improvement,C,Charged Off,2215,-45.84
medical,F,Fully Paid,206,27.99
house,B,Fully Paid,350,6.21
vacation,B,Fully Paid,655,4.59
car,E,Charged Off,114,-44.99
major_purchase,G,Fully Paid,49,26.13
debt_consolidation,F,Charged Off,5337,-47.01
credit_card,A,Charged Off,2579,-42.84
credit_card,C,Charged Off,9155,-44.86
home_improvement,E,Fully Paid,2208,21.14
major_purchase,C,Charged Off,627,-45.96
moving,E,Fully Paid,488,19.23
car,F,Fully Paid,71,25.78
medical,B,Charged Off,147,-45.47
house,A,Fully Paid,153,0.4
debt_consolidation,A,Fully Paid,60233,2.51
medical,E,Charged Off,253,-48.93
credit_card,B,Charged Off,7594,-43.73
debt_consolidation,B,Charged Off,14681,-43.35
other,F,Charged Off,697,-47.38
small_business,F,Fully Paid,430,29.43
home_improvement,F,Charged Off,460,-46.4
major_purchase,F,Charged Off,157,-50.73
moving,D,Fully Paid,1021,16.07
moving,B,Fully Paid,427,6.42
small_business,E,Fully Paid,891,22.86
other,A,Charged Off,85,-47.78
credit_card,G,Charged Off,96,-45.02
renewable_energy,G,Charged Off,5,-63.23
credit_card,D,Fully Paid,11336,18.7
credit_card,E,Charged Off,2461,-47.07
major_purchase,D,Charged Off,537,-46.91
vacation,C,Fully Paid,1167,8.39
moving,A,Fully Paid,57,2.39
house,C,Fully Paid,507,10.4
moving,F,Fully Paid,190,24.28
vacation,E,Fully Paid,292,19.54
other,G,Charged Off,235,-48.33
renewable_energy,D,Fully Paid,88,15.16
home_improvement,G,Fully Paid,162,29.72
renewable_energy,F,Charged Off,12,-37.12
major_purchase,E,Charged Off,357,-50.46
car,D,Fully Paid,576,15.8
medical,C,Fully Paid,1796,10.84
house,F,Fully Paid,209,20.88
house,G,Fully Paid,80,24.3
car,G,Charged Off,16,-60.18
small_business,A,Charged Off,9,-44.73
major_purchase,D,Fully Paid,1373,17.67
credit_card,D,Charged Off,5134,-46.01
credit_card,E,Fully Paid,3656,23.83
renewable_energy,D,Charged Off,31,-49.56
other,G,Fully Paid,283,32.87
vacation,E,Charged Off,109,-45.27
home_improvement,G,Charged Off,117,-48.57
moving,F,Charged Off,104,-48.8
renewable_energy,F,Fully Paid,23,27.35
vacation,C,Charged Off,224,-45.12
house,C,Charged Off,105,-39.99
moving,A,Charged Off,5,-37.85
